, train_time, train_loss, train_acc, train_prec, train_recall, train_f1, train_auc, valid_time, valid_loss, valid_acc, valid_prec, valid_recall, valid_f1, valid_auc
count,100.000000,100.000000,100.000000,100.000000,100.000000,100.000000,100.000000,100.000000,100.000000,100.000000,100.000000,100.000000,100.000000,100.000000
mean,0.704617,0.090267,0.974568,0.976258,0.988214,0.982111,0.965322,0.057858,0.250025,0.912692,0.934496,0.957317,0.945282,0.851840
std,0.137012,0.128027,0.038744,0.032117,0.024903,0.027412,0.049635,0.025297,0.122847,0.026560,0.025106,0.028875,0.017381,0.050742
min,0.610523,0.006566,0.727019,0.815574,0.789683,0.802419,0.684561,0.048797,0.133965,0.769231,0.872340,0.756098,0.837838,0.727273
25%,0.626656,0.012885,0.965877,0.968379,0.987103,0.975803,0.952344,0.051927,0.197880,0.903846,0.928571,0.951219,0.939759,0.839246
50%,0.692027,0.057079,0.988858,0.988189,0.996032,0.992095,0.983997,0.055457,0.218311,0.903846,0.928571,0.951219,0.939759,0.839246
75%,0.737944,0.112061,1.000000,1.000000,1.000000,1.000000,1.000000,0.057096,0.248176,0.923077,0.952381,0.975610,0.952381,0.896896
max,1.891833,0.997781,1.000000,1.000000,1.000000,1.000000,1.000000,0.303912,0.861342,0.961538,0.975610,1.000000,0.976190,0.942350
