, train_time, train_loss, train_acc, train_prec, train_recall, train_f1, train_auc, valid_time, valid_loss, valid_acc, valid_prec, valid_recall, valid_f1, valid_auc
count,17.000000,17.000000,17.000000,17.000000,17.000000,17.000000,17.000000,17.000000,17.000000,17.000000,17.000000,17.000000,17.000000,17.000000
mean,78.778149,0.167824,0.941963,0.943720,0.976237,0.959632,0.918740,1.211569,0.327715,0.938914,0.952293,0.972740,0.961734,0.892787
std,1.749392,0.116485,0.045812,0.038367,0.023936,0.031326,0.060807,0.085598,0.157296,0.030585,0.031077,0.032129,0.018791,0.064720
min,77.466021,0.069436,0.805014,0.835546,0.899206,0.866208,0.741192,1.165380,0.141155,0.865385,0.854167,0.902439,0.921348,0.681818
25%,77.847729,0.080996,0.930362,0.931559,0.972222,0.951456,0.901999,1.172606,0.194465,0.923077,0.950000,0.951219,0.951219,0.872505
50%,78.141643,0.119079,0.961003,0.956989,0.985714,0.972678,0.942108,1.179482,0.302366,0.942308,0.953488,0.975610,0.964706,0.909091
75%,78.466801,0.198731,0.972702,0.970474,0.990476,0.980762,0.960121,1.218388,0.440278,0.961538,0.975000,1.000000,0.976190,0.930155
max,83.653547,0.494004,0.978273,0.976581,0.996032,0.984652,0.968391,1.528295,0.612908,0.980769,0.976190,1.000000,0.987952,0.954545
