, train_time, train_loss, train_acc, train_prec, train_recall, train_f1, train_auc, valid_time, valid_loss, valid_acc, valid_prec, valid_recall, valid_f1, valid_auc
count,23.000000,23.000000,23.000000,23.000000,23.000000,23.000000,23.000000,23.000000,23.000000,23.000000,23.000000,23.000000,23.000000,23.000000
mean,661.913990,0.149902,0.943122,0.950869,0.969068,0.959849,0.925542,2.407479,0.085969,0.962375,0.960411,0.996819,0.977470,0.915405
std,31.093813,0.095170,0.040279,0.028542,0.030025,0.028761,0.047850,0.221549,0.125585,0.049363,0.051864,0.008399,0.027780,0.118908
min,608.868429,0.049458,0.803788,0.866699,0.851429,0.858996,0.771509,2.154538,0.028741,0.788462,0.788462,0.975610,0.881720,0.500000
25%,640.143551,0.074875,0.928134,0.934663,0.965079,0.949627,0.903100,2.252149,0.032567,0.961538,0.953488,1.000000,0.976190,0.909091
50%,658.596353,0.127032,0.952201,0.954764,0.978254,0.966366,0.934548,2.321331,0.036881,0.980769,0.976190,1.000000,0.987952,0.954545
75%,690.147125,0.193327,0.972813,0.975056,0.986429,0.980748,0.963534,2.509740,0.059897,0.980769,0.988095,1.000000,0.987952,0.971175
max,706.757107,0.433929,0.982061,0.984217,0.990794,0.987268,0.976229,2.957798,0.561406,1.000000,1.000000,1.000000,1.000000,1.000000
