, train_time, train_loss, train_acc, train_prec, train_recall, train_f1, train_auc, valid_time, valid_loss, valid_acc, valid_prec, valid_recall, valid_f1, valid_auc
count,44.000000,44.000000,44.000000,44.000000,44.000000,44.000000,44.000000,44.000000,44.000000,44.000000,44.000000,44.000000,44.000000,44.000000
mean,5.636035,0.255591,0.909154,0.910560,0.965999,0.937371,0.870638,0.536335,0.236297,0.915210,0.906440,1.000000,0.950038,0.799587
std,0.147751,0.061951,0.028762,0.025264,0.013596,0.018889,0.040511,0.031970,0.156831,0.057516,0.055019,0.000000,0.031449,0.135947
min,5.448475,0.188922,0.779944,0.801394,0.912698,0.853432,0.689994,0.490891,0.112655,0.788462,0.788462,1.000000,0.881720,0.500000
25%,5.547138,0.215783,0.907382,0.910697,0.960317,0.935655,0.871834,0.517006,0.122272,0.923077,0.911111,1.000000,0.953488,0.818182
50%,5.594950,0.236687,0.913649,0.916667,0.968254,0.940270,0.877355,0.527825,0.136138,0.942308,0.931818,1.000000,0.964706,0.863636
75%,5.664690,0.274081,0.924791,0.921642,0.976190,0.947776,0.891949,0.552438,0.352620,0.942308,0.931818,1.000000,0.964706,0.863636
max,6.277635,0.496544,0.941504,0.935849,0.984127,0.959381,0.912624,0.677951,0.562407,0.980769,0.976190,1.000000,0.987952,0.954545
