, train_time, train_loss, train_acc, train_prec, train_recall, train_f1, train_auc, valid_time, valid_loss, valid_acc, valid_prec, valid_recall, valid_f1, valid_auc
count,100.000000,100.000000,100.000000,100.000000,100.000000,100.000000,100.000000,100.000000,100.000000,100.000000,100.000000,100.000000,100.000000,100.000000
mean,11.138399,0.051676,0.991624,0.992257,0.995361,0.993752,0.990072,0.262155,0.093732,0.980417,0.978217,1.000000,0.987846,0.966428
std,0.322491,0.088243,0.036559,0.032623,0.020215,0.026660,0.043438,0.018501,0.180142,0.059652,0.063372,0.000000,0.036061,0.102260
min,10.457770,0.003091,0.682994,0.722699,0.827222,0.771436,0.623103,0.237082,0.000367,0.708333,0.708333,1.000000,0.829268,0.500000
25%,10.919658,0.006869,0.999012,0.998705,0.999815,0.999236,0.998690,0.252389,0.000643,1.000000,1.000000,1.000000,1.000000,1.000000
50%,11.107683,0.016108,1.000000,1.000000,1.000000,1.000000,1.000000,0.260837,0.001434,1.000000,1.000000,1.000000,1.000000,1.000000
75%,11.285571,0.053928,1.000000,1.000000,1.000000,1.000000,1.000000,0.266940,0.059902,1.000000,1.000000,1.000000,1.000000,1.000000
max,12.138034,0.547428,1.000000,1.000000,1.000000,1.000000,1.000000,0.404561,0.608886,1.000000,1.000000,1.000000,1.000000,1.000000
